<?xml version="1.0" encoding="UTF-8"?>
<project-private xmlns="http://www.netbeans.org/ns/project-private/1">
    <editor-bookmarks xmlns="http://www.netbeans.org/ns/editor-bookmarks/1"/>
    <open-files xmlns="http://www.netbeans.org/ns/projectui-open-files/1">
        <file>file:/C:/J2MEprojects/J2MEMicroDBv10/src/edu/upc/BDAccessRemot/RemoteProxyConnection.java</file>
        <file>file:/C:/J2MEprojects/J2MEMicroDBv10/src/edu/upc/BDAccessRemot/j2meApi/MobileHTTPConnection.java</file>
        <file>file:/C:/J2MEprojects/J2MEMicroDBv10/src/edu/upc/J2MESDLIB/J2METable.java</file>
        <file>file:/C:/J2MEprojects/J2MEMicroDBv10/src/edu/upc/J2MESDLIB/test/ManageContacts.java</file>
        <file>file:/C:/J2MEprojects/J2MEMicroDBv10/src/edu/upc/lsdatalib/fitxersequencialvalor/PDALabeledStoreSequence.java</file>
        <file>file:/C:/J2MEprojects/J2MEMicroDBv10/src/edu/upc/lsdatalib/fitxersequencialvalor/PDAStoreIndexVector.java</file>
        <file>file:/C:/J2MEprojects/J2MEMicroDBv10/src/edu/upc/lsdatalib/test/Contact.java</file>
        <file>file:/C:/J2MEprojects/J2MEMicroDBv10/src/edu/upc/lsdatalib/utilsfitxer/PDAProperties.java</file>
        <file>file:/C:/J2MEprojects/J2MEMicroDBv10/src/edu/upc/lsdatalib/utilsfitxer/properties.properties</file>
    </open-files>
</project-private>
